{"themes":{"dark":{"name":"Dark","is_dark":true,"colors":{"--be-primary-lighter":[63,63,63,1],"--be-primary-default":[29,29,29,1],"--be-primary-darker":[24,28,38,1],"--be-accent-default":[138,178,224,1],"--be-accent-lighter":[185,209,236,1],"--be-accent-contrast":[255,255,255,1],"--be-accent-emphasis":[185,209,236,0.1],"--be-foreground-base":[255,255,255,1],"--be-text":[255,255,255,1],"--be-hint-text":[255,255,255,0.5],"--be-secondary-text":[255,255,255,0.7],"--be-label":[255,255,255,0.7],"--be-background":[29,29,29,1],"--be-background-alternative":[18,18,18,1],"--be-divider-lighter":[255,255,255,0.06],"--be-divider-default":[255,255,255,0.12],"--be-disabled-button-text":[255,255,255,0.3],"--be-disabled-toggle":[0,0,0,1],"--be-chip":[97,97,97,1],"--be-hover":[255,255,255,0.04],"--be-selected-button":[33,33,33,1],"--be-disabled-button":[255,255,255,0.12],"--be-raised-button":[66,66,66,1],"--be-backdrop":[189,189,189,1],"--be-link":[197,202,233,1]},"created_at":"2019-12-26T16:22:25.000000Z","updated_at":"2019-12-26T16:22:25.000000Z"},"light":{"name":"Light1","is_dark":false,"colors":{"--be-primary-lighter":[62,74,102,1],"--be-primary-default":[43,51,70,1],"--be-primary-darker":[24,28,38,1],"--be-accent-default":[21,101,192,1],"--be-accent-lighter":[185,209,236,1],"--be-accent-contrast":[255,255,255,1],"--be-accent-emphasis":[185,209,236,0.15],"--be-background":[255,255,255,1],"--be-background-alternative":[250,250,250,1],"--be-foreground-base":[0,0,0,1],"--be-text":[0,0,0,0.87],"--be-hint-text":[0,0,0,0.38],"--be-secondary-text":[0,0,0,0.54],"--be-label":[0,0,0,0.87],"--be-disabled-button-text":[0,0,0,0.26],"--be-divider-lighter":[0,0,0,0.06],"--be-divider-default":[0,0,0,0.12],"--be-hover":[0,0,0,0.04],"--be-selected-button":[224,224,224,1],"--be-chip":[224,224,224,1],"--be-link":[63,81,181,1],"--be-backdrop":[0,0,0,1],"--be-raised-button":[255,255,255,1],"--be-disabled-toggle":[238,238,238,1],"--be-disabled-button":[0,0,0,0.12]}}}}